,average_degree,betweeness,edges,filename,iteration,no_connected_components,nodes,tag
0,6.212295869356388,0.0,6467.0,3mj/subgraph--1-start.gexf,-1.0,4.0,1041.0,start
1,6.212295869356388,0.1852649385482258,6467.0,3mj/subgraph-00-technical-issues.gexf,0.0,4.0,1041.0,technical-issues
2,5.826923076923077,0.1512450468837907,6060.0,3mj/subgraph-01-pc.gexf,1.0,4.0,1040.0,pc
3,5.495668912415784,0.16560015257811675,5710.0,3mj/subgraph-02-steam.gexf,2.0,4.0,1039.0,steam
4,5.190751445086705,0.1830606603941263,5388.0,3mj/subgraph-03-achievements.gexf,3.0,6.0,1038.0,achievements
5,4.91321118611379,0.10177609470531138,5095.0,3mj/subgraph-04-xbox-360.gexf,4.0,16.0,1037.0,xbox-360
6,4.725868725868726,0.10877747902374656,4896.0,3mj/subgraph-05-ps3.gexf,5.0,19.0,1036.0,ps3
7,4.546859903381643,0.11212436399845543,4706.0,3mj/subgraph-06-controllers.gexf,6.0,22.0,1035.0,controllers
8,4.370406189555125,0.11937123299863145,4519.0,3mj/subgraph-07-ps4.gexf,7.0,27.0,1034.0,ps4
9,4.2226524685382385,0.12898398263972913,4362.0,3mj/subgraph-08-version-differences.gexf,8.0,34.0,1033.0,version-differences
10,4.0687984496124034,0.11630497900613249,4199.0,3mj/subgraph-09-macos.gexf,9.0,40.0,1032.0,macos
11,3.909796314258002,0.10153734679707206,4031.0,3mj/subgraph-10-xbox-one.gexf,10.0,43.0,1031.0,xbox-one
12,3.787378640776699,0.0963408931555259,3901.0,3mj/subgraph-11-mods.gexf,11.0,46.0,1030.0,mods
13,3.6433430515063168,0.07536051677394615,3749.0,3mj/subgraph-12-cheats.gexf,12.0,50.0,1029.0,cheats
14,3.546692607003891,0.06952582412369303,3646.0,3mj/subgraph-13-linux.gexf,13.0,51.0,1028.0,linux
15,3.456669912366115,0.07342033894450611,3550.0,3mj/subgraph-14-ios.gexf,14.0,55.0,1027.0,ios
16,3.3645224171539962,0.08997067394999524,3452.0,3mj/subgraph-15-android.gexf,15.0,59.0,1026.0,android
17,3.281951219512195,0.07598714733844822,3364.0,3mj/subgraph-16-terminology.gexf,16.0,66.0,1025.0,terminology
18,3.1884765625,0.0744144772824742,3265.0,3mj/subgraph-17-backwards-compatibility.gexf,17.0,75.0,1024.0,backwards-compatibility
19,3.1094819159335287,0.07904318594316319,3181.0,3mj/subgraph-18-windows-7.gexf,18.0,78.0,1023.0,windows-7
20,3.016634050880626,0.07553693953799293,3083.0,3mj/subgraph-19-emulation.gexf,19.0,83.0,1022.0,emulation
21,2.9480901077375123,0.06772637853831401,3010.0,3mj/subgraph-20-hardware.gexf,20.0,83.0,1021.0,hardware
22,2.8911764705882352,0.06850295870622906,2949.0,3mj/subgraph-21-windows.gexf,21.0,84.0,1020.0,windows
23,2.803729146221786,0.07046246201075505,2857.0,3mj/subgraph-22-windows-10.gexf,22.0,84.0,1019.0,windows-10
24,2.7318271119842827,0.06840326787157844,2781.0,3mj/subgraph-23-networking.gexf,23.0,86.0,1018.0,networking
25,2.664700098328417,0.07238273858194118,2710.0,3mj/subgraph-24-keyboard.gexf,24.0,90.0,1017.0,keyboard
26,2.59744094488189,0.06943841255102665,2639.0,3mj/subgraph-25-nintendo-wii.gexf,25.0,96.0,1016.0,nintendo-wii
27,2.5310344827586206,0.0700917420978908,2569.0,3mj/subgraph-26-monitor.gexf,26.0,102.0,1015.0,monitor
28,2.4842209072978303,0.0718647329270706,2519.0,3mj/subgraph-27-psn.gexf,27.0,105.0,1014.0,psn
29,2.4264560710760117,0.073259772024244,2458.0,3mj/subgraph-28-region-lock.gexf,28.0,111.0,1013.0,region-lock
30,2.3794466403162056,0.06834089808252346,2408.0,3mj/subgraph-29-xbox-live.gexf,29.0,112.0,1012.0,xbox-live
31,2.3264094955489614,0.06554828964246151,2352.0,3mj/subgraph-30-performance.gexf,30.0,114.0,1011.0,performance
32,2.26039603960396,0.06834726006059635,2283.0,3mj/subgraph-31-minecraft-java-edition.gexf,31.0,120.0,1010.0,minecraft-java-edition
33,2.2021803766105053,0.0696391947559103,2222.0,3mj/subgraph-32-ubuntu.gexf,32.0,121.0,1009.0,ubuntu
34,2.1587301587301586,0.06796821933435747,2176.0,3mj/subgraph-33-wii-u.gexf,33.0,124.0,1008.0,wii-u
35,2.1132075471698113,0.06895850679118504,2128.0,3mj/subgraph-34-graphics-card.gexf,34.0,128.0,1007.0,graphics-card
36,2.0646123260437377,0.06219274610689518,2077.0,3mj/subgraph-35-mouse.gexf,35.0,131.0,1006.0,mouse
37,2.027860696517413,0.06254262414411045,2038.0,3mj/subgraph-36-nintendo-3ds-3dsxl-2ds.gexf,36.0,137.0,1005.0,nintendo-3ds-3dsxl-2ds
38,1.9790836653386454,0.06485723701990241,1987.0,3mj/subgraph-37-nintendo-switch.gexf,37.0,141.0,1004.0,nintendo-switch
39,1.9421734795613161,0.05549664954946719,1948.0,3mj/subgraph-38-windows-8.gexf,38.0,148.0,1003.0,windows-8
40,1.906187624750499,0.05593397594873174,1910.0,3mj/subgraph-39-starcraft-2.gexf,39.0,152.0,1002.0,starcraft-2
41,1.8771228771228772,0.04417038603831789,1879.0,3mj/subgraph-40-drm.gexf,40.0,152.0,1001.0,drm
42,1.846,0.0452169058115451,1846.0,3mj/subgraph-41-ps2.gexf,41.0,155.0,1000.0,ps2
43,1.822822822822823,0.0489782186302361,1821.0,3mj/subgraph-42-audio-hardware.gexf,42.0,158.0,999.0,audio-hardware
44,1.8056112224448897,0.05530354261161631,1802.0,3mj/subgraph-43-recording.gexf,43.0,158.0,998.0,recording
45,1.7843530591775325,0.05532461677009676,1779.0,3mj/subgraph-44-streaming.gexf,44.0,160.0,997.0,streaming
46,1.7640562248995983,0.04866627863600946,1757.0,3mj/subgraph-45-wine.gexf,45.0,162.0,996.0,wine
47,1.743718592964824,0.048794516154525,1735.0,3mj/subgraph-46-framerate.gexf,46.0,163.0,995.0,framerate
48,1.716297786720322,0.051357475482983785,1706.0,3mj/subgraph-47-origin.gexf,47.0,163.0,994.0,origin
49,1.6787512588116817,0.04455474347002691,1667.0,3mj/subgraph-48-game-identification.gexf,48.0,167.0,993.0,game-identification
50,1.6643145161290323,0.04656888197886514,1651.0,3mj/subgraph-49-competitive-gaming.gexf,49.0,170.0,992.0,competitive-gaming
51,1.6468213925327952,0.04564599276509236,1632.0,3mj/subgraph-50-nintendo-ds.gexf,50.0,171.0,991.0,nintendo-ds
52,1.6191919191919193,0.05224630796469499,1603.0,3mj/subgraph-51-pokemon-series.gexf,51.0,175.0,990.0,pokemon-series
53,1.5935288169868553,0.04873453854660014,1576.0,3mj/subgraph-52-game-music-identification.gexf,52.0,177.0,989.0,game-music-identification
54,1.5738866396761133,0.04717636812150534,1555.0,3mj/subgraph-53-windows-8.1.gexf,53.0,181.0,988.0,windows-8.1
55,1.553191489361702,0.04726640473302022,1533.0,3mj/subgraph-54-the-elder-scrolls-5-skyrim.gexf,54.0,187.0,987.0,the-elder-scrolls-5-skyrim
56,1.5334685598377282,0.04782582583526944,1512.0,3mj/subgraph-55-ps-vita.gexf,55.0,187.0,986.0,ps-vita
57,1.5157360406091371,0.05147127445466711,1493.0,3mj/subgraph-56-battle.net.gexf,56.0,191.0,985.0,battle.net
58,1.5,0.051920336769114214,1476.0,3mj/subgraph-57-diablo-3.gexf,57.0,192.0,984.0,diablo-3
59,1.4852492370295016,0.047381706533694445,1460.0,3mj/subgraph-58-team-fortress-2.gexf,58.0,193.0,983.0,team-fortress-2
60,1.4562118126272912,0.04601046831248624,1430.0,3mj/subgraph-59-pokemon-go.gexf,59.0,193.0,982.0,pokemon-go
61,1.4475025484199797,0.0468466218534375,1420.0,3mj/subgraph-60-server-administration.gexf,60.0,195.0,981.0,server-administration
62,1.4214285714285715,0.05450085782152788,1393.0,3mj/subgraph-61-hosting.gexf,61.0,197.0,980.0,hosting
63,1.3993871297242084,0.048791640908855724,1370.0,3mj/subgraph-62-playstation-plus.gexf,62.0,198.0,979.0,playstation-plus
64,1.385480572597137,0.04809700794449905,1355.0,3mj/subgraph-63-minecraft-bedrock-edition.gexf,63.0,201.0,978.0,minecraft-bedrock-edition
65,1.3705220061412486,0.05293120536557738,1339.0,3mj/subgraph-64-counter-strike-global-offensive.gexf,64.0,201.0,977.0,counter-strike-global-offensive
66,1.3575819672131149,0.05427433595314701,1325.0,3mj/subgraph-65-grand-theft-auto-5.gexf,65.0,201.0,976.0,grand-theft-auto-5
67,1.3487179487179488,0.049301379771621676,1315.0,3mj/subgraph-66-windows-xp.gexf,66.0,201.0,975.0,windows-xp
68,1.3336755646817249,0.04774205182826779,1299.0,3mj/subgraph-67-voice-chat.gexf,67.0,205.0,974.0,voice-chat
69,1.3206577595066804,0.047205675969111266,1285.0,3mj/subgraph-68-gaming-history.gexf,68.0,208.0,973.0,gaming-history
70,1.3106995884773662,0.059318673101563295,1274.0,3mj/subgraph-69-system-requirements.gexf,69.0,210.0,972.0,system-requirements
71,1.3007209062821834,0.047470096423315004,1263.0,3mj/subgraph-70-dosbox.gexf,70.0,213.0,971.0,dosbox
72,1.2917525773195877,0.04459625548073779,1253.0,3mj/subgraph-71-legal.gexf,71.0,214.0,970.0,legal
73,1.2817337461300309,0.04991945195590675,1242.0,3mj/subgraph-72-hard-drive.gexf,72.0,216.0,969.0,hard-drive
74,1.2737603305785123,0.04318535330473934,1233.0,3mj/subgraph-73-call-of-duty-modern-warfare-3.gexf,73.0,218.0,968.0,call-of-duty-modern-warfare-3
75,1.265770423991727,0.04386028122014835,1224.0,3mj/subgraph-74-speedrun.gexf,74.0,218.0,967.0,speedrun
76,1.2556935817805384,0.04811321782035747,1213.0,3mj/subgraph-75-steam-cloud.gexf,75.0,218.0,966.0,steam-cloud
77,1.2466321243523315,0.04830686350557257,1203.0,3mj/subgraph-76-motioninjoy-ds3tool.gexf,76.0,223.0,965.0,motioninjoy-ds3tool
78,1.2396265560165975,0.05769334514526307,1195.0,3mj/subgraph-77-virtualization.gexf,77.0,224.0,964.0,virtualization
79,1.2305295950155763,0.052607831670647726,1185.0,3mj/subgraph-78-directx-11.gexf,78.0,227.0,963.0,directx-11
80,1.2224532224532225,0.059038349679583955,1176.0,3mj/subgraph-79-nes.gexf,79.0,229.0,962.0,nes
81,1.2081165452653486,0.04854479459187046,1161.0,3mj/subgraph-80-counter-strike.gexf,80.0,232.0,961.0,counter-strike
82,1.196875,0.04811573533864633,1149.0,3mj/subgraph-81-directx-9.gexf,81.0,233.0,960.0,directx-9
83,1.1866527632950992,0.04977069431132042,1138.0,3mj/subgraph-82-source-engine.gexf,82.0,236.0,959.0,source-engine
84,1.173277661795407,0.05043810420499341,1124.0,3mj/subgraph-83-digital-distribution.gexf,83.0,238.0,958.0,digital-distribution
85,1.1692789968652038,0.05192132026182014,1119.0,3mj/subgraph-84-grand-theft-auto-4.gexf,84.0,239.0,957.0,grand-theft-auto-4
86,1.1652719665271967,0.05850126578167736,1114.0,3mj/subgraph-85-nintendo-gamecube.gexf,85.0,239.0,956.0,nintendo-gamecube
87,1.1528795811518324,0.06693788227741866,1101.0,3mj/subgraph-86-minecraft-commands.gexf,86.0,240.0,955.0,minecraft-commands
88,1.1373165618448637,0.06517981140332475,1085.0,3mj/subgraph-87-health.gexf,87.0,240.0,954.0,health
89,1.1332633788037776,0.0777047756421063,1080.0,3mj/subgraph-88-street-fighter-series.gexf,88.0,241.0,953.0,street-fighter-series
90,1.1302521008403361,0.10084949049972855,1076.0,3mj/subgraph-89-borderlands-2.gexf,89.0,242.0,952.0,borderlands-2
91,1.124079915878023,0.1856956702301095,1069.0,3mj/subgraph-90-xbox.gexf,90.0,243.0,951.0,xbox
92,1.12,0.03674102939127444,1064.0,3mj/subgraph-91-terraria.gexf,91.0,244.0,950.0,terraria
93,1.113804004214963,0.0341162438922462,1057.0,3mj/subgraph-92-nvidia-geforce-experience.gexf,92.0,246.0,949.0,nvidia-geforce-experience
94,1.108649789029536,0.028281486819607182,1051.0,3mj/subgraph-93-fallout-4.gexf,93.0,248.0,948.0,fallout-4
95,1.102428722280887,0.029399448971246696,1044.0,3mj/subgraph-94-steam-family-sharing.gexf,94.0,248.0,947.0,steam-family-sharing
96,1.0961945031712474,0.03748253995429137,1037.0,3mj/subgraph-95-garrys-mod.gexf,95.0,251.0,946.0,garrys-mod
97,1.0931216931216932,0.045153544189931845,1033.0,3mj/subgraph-96-games-for-windows-live.gexf,96.0,251.0,945.0,games-for-windows-live
98,1.0847457627118644,0.06249753275710544,1024.0,3mj/subgraph-97-steam-os.gexf,97.0,255.0,944.0,steam-os
99,1.08271474019088,0.032697732938532474,1021.0,3mj/subgraph-98-mobile.gexf,98.0,256.0,943.0,mobile
100,1.0732484076433122,0.015458481125330365,1011.0,3mj/subgraph-99-nintendo-64.gexf,99.0,262.0,942.0,nintendo-64
101,1.057385759829968,0.01338299922420648,995.0,3mj/subgraph-100-world-of-warcraft.gexf,100.0,266.0,941.0,world-of-warcraft
102,1.0468085106382978,0.015529381844769761,984.0,3mj/subgraph-101-oculus-rift.gexf,101.0,271.0,940.0,oculus-rift
103,1.040468583599574,0.011636108379275449,977.0,3mj/subgraph-102-psp.gexf,102.0,275.0,939.0,psp
104,1.0287846481876333,0.010565370006242249,965.0,3mj/subgraph-103-virtual-console.gexf,103.0,284.0,938.0,virtual-console
105,1.0128068303094984,0.00771046232208973,949.0,3mj/subgraph-104-pokemon-sun-moon.gexf,104.0,287.0,937.0,pokemon-sun-moon
106,1.001068376068376,0.007038065609639532,937.0,3mj/subgraph-105-snes.gexf,105.0,287.0,936.0,snes
107,0.9882352941176471,0.00644593738932647,924.0,3mj/subgraph-106-game-boy-advance.gexf,106.0,292.0,935.0,game-boy-advance
108,0.9785867237687366,0.007005971341218303,914.0,3mj/subgraph-107-pokemon-bank.gexf,107.0,295.0,934.0,pokemon-bank
109,0.9689174705251876,0.0055505677738854915,904.0,3mj/subgraph-108-super-smash-bros-4.gexf,108.0,295.0,933.0,super-smash-bros-4
110,0.9613733905579399,0.007498434950788039,896.0,3mj/subgraph-109-legend-of-zelda-series.gexf,109.0,295.0,932.0,legend-of-zelda-series
111,0.9505907626208379,0.011107167526712326,885.0,3mj/subgraph-110-pokemon-first-generation.gexf,110.0,298.0,931.0,pokemon-first-generation
112,0.9451612903225807,0.0042891933755301835,879.0,3mj/subgraph-111-fifa-15.gexf,111.0,299.0,930.0,fifa-15
113,0.9418729817007535,0.004172537012238215,875.0,3mj/subgraph-112-quake.gexf,112.0,300.0,929.0,quake
114,0.9353448275862069,0.004118893789467716,868.0,3mj/subgraph-113-obs.gexf,113.0,302.0,928.0,obs
115,0.9309600862998921,0.0035467865273480824,863.0,3mj/subgraph-114-call-of-duty-modern-warfare-2.gexf,114.0,304.0,927.0,call-of-duty-modern-warfare-2
116,0.927645788336933,0.002736952334354931,859.0,3mj/subgraph-115-pokemon-fifth-generation.gexf,115.0,305.0,926.0,pokemon-fifth-generation
117,0.92,0.0031459151177461037,851.0,3mj/subgraph-116-pokemon-fourth-generation.gexf,116.0,305.0,925.0,pokemon-fourth-generation
118,0.9166666666666666,0.00260632709992644,847.0,3mj/subgraph-117-civilization-5.gexf,117.0,306.0,924.0,civilization-5
119,0.9089924160346695,0.0022586973981407552,839.0,3mj/subgraph-118-hamachi.gexf,118.0,310.0,923.0,hamachi
120,0.9045553145336226,0.0016510881367134023,834.0,3mj/subgraph-119-super-smash-bros-brawl.gexf,119.0,313.0,922.0,super-smash-bros-brawl
121,0.8979370249728555,0.0016223525886675813,827.0,3mj/subgraph-120-battlefield-3.gexf,120.0,314.0,921.0,battlefield-3
122,0.8902173913043478,0.0014504177522377184,819.0,3mj/subgraph-121-pokemon-heart-gold-soul-silver.gexf,121.0,317.0,920.0,pokemon-heart-gold-soul-silver
123,0.8868335146898803,0.000950337726269473,815.0,3mj/subgraph-122-gog.gexf,122.0,318.0,919.0,gog
124,0.8779956427015251,0.0008516156887769275,806.0,3mj/subgraph-123-dota-2.gexf,123.0,324.0,918.0,dota-2
125,0.8724100327153762,0.0007917531677285417,800.0,3mj/subgraph-124-nintendo-network-id.gexf,124.0,326.0,917.0,nintendo-network-id
126,0.8657205240174672,0.0008085917104104141,793.0,3mj/subgraph-125-streetpass.gexf,125.0,328.0,916.0,streetpass
127,0.8579234972677595,0.0008460338269729006,785.0,3mj/subgraph-126-new-nintendo-3ds-3dsxl-2ds-2dsxl.gexf,126.0,331.0,915.0,new-nintendo-3ds-3dsxl-2ds-2dsxl
128,0.8533916849015317,0.0007085759305163236,780.0,3mj/subgraph-127-super-smash-bros-melee.gexf,127.0,332.0,914.0,super-smash-bros-melee
129,0.8488499452354874,0.0006571725691836617,775.0,3mj/subgraph-128-google-play-games.gexf,128.0,335.0,913.0,google-play-games
130,0.8432017543859649,0.0006562043883668472,769.0,3mj/subgraph-129-quake-3.gexf,129.0,338.0,912.0,quake-3
131,0.8375411635565313,0.000485702503618581,763.0,3mj/subgraph-130-minecraft-mods.gexf,130.0,341.0,911.0,minecraft-mods
132,0.8120879120879121,0.0004411286524079301,739.0,3mj/subgraph-131-minecraft-feed-the-beast.gexf,131.0,341.0,910.0,minecraft-feed-the-beast
133,0.7975797579757976,0.00046036132738190637,725.0,3mj/subgraph-132-minecraft-java-edition-server.gexf,132.0,342.0,909.0,minecraft-java-edition-server
134,0.7819383259911894,0.00043444292734215847,710.0,3mj/subgraph-133-call-of-duty-black-ops.gexf,133.0,344.0,908.0,call-of-duty-black-ops
135,0.7772877618522602,0.0003809268270868651,705.0,3mj/subgraph-134-uplay.gexf,134.0,347.0,907.0,uplay
136,0.7626931567328918,0.0003789175182124872,691.0,3mj/subgraph-135-league-of-legends.gexf,135.0,354.0,906.0,league-of-legends
137,0.7569060773480663,0.00035566466416435546,685.0,3mj/subgraph-136-minecraft-tekkit.gexf,136.0,356.0,905.0,minecraft-tekkit
138,0.7511061946902655,0.00031184546215743043,679.0,3mj/subgraph-137-facebook.gexf,137.0,357.0,904.0,facebook
139,0.7419712070874862,0.0002854674899286577,670.0,3mj/subgraph-138-wifi.gexf,138.0,363.0,903.0,wifi
140,0.7394678492239468,0.00027623628067579236,667.0,3mj/subgraph-139-amiibo.gexf,139.0,364.0,902.0,amiibo
141,0.7347391786903441,0.00020228237135912333,662.0,3mj/subgraph-140-halo-4.gexf,140.0,368.0,901.0,halo-4
142,0.7266666666666667,0.00018580407332076471,654.0,3mj/subgraph-141-pokemon-x-y.gexf,141.0,370.0,900.0,pokemon-x-y
143,0.7208008898776418,0.00017752816242212969,648.0,3mj/subgraph-142-portal-2.gexf,142.0,373.0,899.0,portal-2
144,0.7171492204899778,0.0001642379359770664,644.0,3mj/subgraph-143-stereo-3d.gexf,143.0,374.0,898.0,stereo-3d
145,0.7123745819397993,0.00014714684756584196,639.0,3mj/subgraph-144-pcsx2.gexf,144.0,378.0,897.0,pcsx2
146,0.7075892857142857,0.0001403938526656085,634.0,3mj/subgraph-145-kinect.gexf,145.0,382.0,896.0,kinect
147,0.7005586592178771,0.00013841185857690062,627.0,3mj/subgraph-146-bloodborne.gexf,146.0,385.0,895.0,bloodborne
148,0.6957494407158836,0.00012930666519365869,622.0,3mj/subgraph-147-minecraft-industrialcraft.gexf,147.0,387.0,894.0,minecraft-industrialcraft
149,0.6886898096304591,0.00012833869336111486,615.0,3mj/subgraph-148-windows-phone.gexf,148.0,388.0,893.0,windows-phone
150,0.6849775784753364,0.00012358289511847564,611.0,3mj/subgraph-149-assassins-creed-series.gexf,149.0,391.0,892.0,assassins-creed-series
151,0.6801346801346801,0.00012386092187914713,606.0,3mj/subgraph-150-final-fantasy-series.gexf,150.0,393.0,891.0,final-fantasy-series
152,0.6764044943820224,0.00011147255241743431,602.0,3mj/subgraph-151-fallout.gexf,151.0,396.0,890.0,fallout
153,0.672665916760405,9.394964299135663e-05,598.0,3mj/subgraph-152-arcade.gexf,152.0,398.0,889.0,arcade
154,0.668918918918919,9.161680761233875e-05,594.0,3mj/subgraph-153-msdos.gexf,153.0,401.0,888.0,msdos
155,0.6662908680947013,8.927318871076763e-05,591.0,3mj/subgraph-154-gameranger.gexf,154.0,402.0,887.0,gameranger
156,0.6613995485327314,8.180586445790833e-05,586.0,3mj/subgraph-155-steam-link.gexf,155.0,405.0,886.0,steam-link
157,0.6576271186440678,8.199115520413235e-05,582.0,3mj/subgraph-156-boot-camp.gexf,156.0,408.0,885.0,boot-camp
158,0.6549773755656109,7.704100892905293e-05,579.0,3mj/subgraph-157-humble-bundle.gexf,157.0,410.0,884.0,humble-bundle
159,0.6500566251415628,7.399857407965078e-05,574.0,3mj/subgraph-158-guitar-hero.gexf,158.0,414.0,883.0,guitar-hero
160,0.6428571428571429,0.00011608709111546797,567.0,3mj/subgraph-159-rock-band.gexf,159.0,414.0,882.0,rock-band
161,0.637911464245176,6.593236115420416e-05,562.0,3mj/subgraph-160-dolphin-emulator.gexf,160.0,417.0,881.0,dolphin-emulator
162,0.6329545454545454,6.4786812514739e-05,557.0,3mj/subgraph-161-fortnite-battle-royale.gexf,161.0,418.0,880.0,fortnite-battle-royale
163,0.6291240045506257,6.493455895148869e-05,553.0,3mj/subgraph-162-steam-workshop.gexf,162.0,421.0,879.0,steam-workshop
164,0.6241457858769932,6.24794989144187e-05,548.0,3mj/subgraph-163-starcraft.gexf,163.0,425.0,878.0,starcraft
165,0.6191562143671607,6.131767775603392e-05,543.0,3mj/subgraph-164-half-life-2.gexf,164.0,426.0,877.0,half-life-2
166,0.6118721461187214,5.8842759071592024e-05,536.0,3mj/subgraph-165-minecraft-bukkit.gexf,165.0,428.0,876.0,minecraft-bukkit
167,0.6057142857142858,5.5045727272012394e-05,530.0,3mj/subgraph-166-halo-reach.gexf,166.0,430.0,875.0,halo-reach
168,0.6018306636155606,5.2544741847683297e-05,526.0,3mj/subgraph-167-rockstar-games-social-club.gexf,167.0,431.0,874.0,rockstar-games-social-club
169,0.5990836197021764,4.739885610760594e-05,523.0,3mj/subgraph-168-nintendo-eshop.gexf,168.0,433.0,873.0,nintendo-eshop
170,0.5940366972477065,4.486849571769798e-05,518.0,3mj/subgraph-169-ps1.gexf,169.0,437.0,872.0,ps1
171,0.5901262916188289,3.9680965041069794e-05,514.0,3mj/subgraph-170-minecraft-buildcraft.gexf,170.0,439.0,871.0,minecraft-buildcraft
172,0.5873563218390805,3.9772395836095304e-05,511.0,3mj/subgraph-171-doom-3.gexf,171.0,441.0,870.0,doom-3
173,0.5834292289988493,3.9864143000653775e-05,507.0,3mj/subgraph-172-metal-gear-solid-series.gexf,172.0,442.0,869.0,metal-gear-solid-series
174,0.5771889400921659,3.7292460796300586e-05,501.0,3mj/subgraph-173-homebrew.gexf,173.0,443.0,868.0,homebrew
175,0.5743944636678201,3.470877998638348e-05,498.0,3mj/subgraph-174-sega-genesis.gexf,174.0,445.0,867.0,sega-genesis
176,0.5704387990762124,3.4789124384500104e-05,494.0,3mj/subgraph-175-game-center.gexf,175.0,448.0,866.0,game-center
177,0.5664739884393064,3.2187459765675295e-05,490.0,3mj/subgraph-176-borderlands.gexf,176.0,451.0,865.0,borderlands
178,0.5625,3.0917884786518725e-05,486.0,3mj/subgraph-177-the-elder-scrolls-3-morrowind.gexf,177.0,454.0,864.0,the-elder-scrolls-3-morrowind
179,0.5585168018539977,2.9642324928386838e-05,482.0,3mj/subgraph-178-fifa-12.gexf,178.0,455.0,863.0,fifa-12
180,0.5545243619489559,2.971126056775518e-05,478.0,3mj/subgraph-179-steam-vr.gexf,179.0,457.0,862.0,steam-vr
181,0.5516840882694541,2.7073124509299616e-05,475.0,3mj/subgraph-180-autohotkey.gexf,180.0,459.0,861.0,autohotkey
182,0.5465116279069767,2.442260882307448e-05,470.0,3mj/subgraph-181-shogun-2-total-war.gexf,181.0,463.0,860.0,shogun-2-total-war
183,0.5436554132712457,2.4479604409592742e-05,467.0,3mj/subgraph-182-ultra-street-fighter-iv.gexf,182.0,464.0,859.0,ultra-street-fighter-iv
184,0.5407925407925408,2.453679974699833e-05,464.0,3mj/subgraph-183-minecraft-resource-packs.gexf,183.0,465.0,858.0,minecraft-resource-packs
185,0.5367561260210035,2.4594195769798327e-05,460.0,3mj/subgraph-184-mtg-duels-of-the-planeswalkers.gexf,184.0,468.0,857.0,mtg-duels-of-the-planeswalkers
186,0.5327102803738317,2.3738764032120372e-05,456.0,3mj/subgraph-185-tf2-medic.gexf,185.0,469.0,856.0,tf2-medic
187,0.5298245614035088,3.2946124849340114e-05,453.0,3mj/subgraph-186-tf2-scout.gexf,186.0,469.0,855.0,tf2-scout
188,0.5281030444964872,2.2015642113721798e-05,451.0,3mj/subgraph-187-assassins-creed-rogue.gexf,187.0,470.0,854.0,assassins-creed-rogue
189,0.5252051582649473,2.206738275323701e-05,448.0,3mj/subgraph-188-pokemon-sixth-generation.gexf,188.0,471.0,853.0,pokemon-sixth-generation
190,0.5223004694835681,1.9354392755927283e-05,445.0,3mj/subgraph-189-call-of-duty-ghosts.gexf,189.0,472.0,852.0,call-of-duty-ghosts
191,0.5193889541715628,1.939998614286704e-05,442.0,3mj/subgraph-190-half-life.gexf,190.0,474.0,851.0,half-life
192,0.5152941176470588,1.9445740827166256e-05,438.0,3mj/subgraph-191-just-dance-3.gexf,191.0,476.0,850.0,just-dance-3
193,0.5123674911660777,1.670713506047983e-05,435.0,3mj/subgraph-192-perfect-world.gexf,192.0,478.0,849.0,perfect-world
194,0.5094339622641509,1.674663183367245e-05,432.0,3mj/subgraph-193-rockstar-games-launcher.gexf,193.0,479.0,848.0,rockstar-games-launcher
195,0.5076741440377804,1.6786268832095346e-05,430.0,3mj/subgraph-194-warcraft-3.gexf,194.0,480.0,847.0,warcraft-3
196,0.5047281323877069,1.682604672032306e-05,427.0,3mj/subgraph-195-games-for-windows.gexf,195.0,481.0,846.0,games-for-windows
197,0.5005917159763313,1.4054971805726558e-05,423.0,3mj/subgraph-196-titanfall-2.gexf,196.0,484.0,845.0,titanfall-2
198,0.4976303317535545,1.408835653685655e-05,420.0,3mj/subgraph-197-halo-series.gexf,197.0,486.0,844.0,halo-series
199,0.49466192170818507,1.4121860357396043e-05,417.0,3mj/subgraph-198-dos.gexf,198.0,488.0,843.0,dos
200,0.4916864608076009,1.4155483834437461e-05,414.0,3mj/subgraph-199-xpadder.gexf,199.0,490.0,842.0,xpadder
201,0.4875148632580262,1.4189227538452805e-05,410.0,3mj/subgraph-200-assassins-creed-2.gexf,200.0,492.0,841.0,assassins-creed-2
202,0.4845238095238095,1.422309204331785e-05,407.0,3mj/subgraph-201-star-wars-the-old-republic.gexf,201.0,494.0,840.0,star-wars-the-old-republic
203,0.48152562574493446,1.4257077926336529e-05,404.0,3mj/subgraph-202-first-person-shooter.gexf,202.0,496.0,839.0,first-person-shooter
204,0.4785202863961814,1.4291185768265563e-05,401.0,3mj/subgraph-203-civilization-6.gexf,203.0,498.0,838.0,civilization-6
205,0.4755077658303465,1.4325416153339256e-05,398.0,3mj/subgraph-204-doom.gexf,204.0,500.0,837.0,doom
206,0.47129186602870815,1.244513371338857e-05,394.0,3mj/subgraph-205-dark-souls-2.gexf,205.0,502.0,836.0,dark-souls-2
207,0.4658682634730539,1.1515397525916841e-05,389.0,3mj/subgraph-206-the-witcher-3.gexf,206.0,503.0,835.0,the-witcher-3
208,0.4628297362110312,1.1543078769969527e-05,386.0,3mj/subgraph-207-minecraft-direwolf20.gexf,207.0,504.0,834.0,minecraft-direwolf20
209,0.460984393757503,1.157085994631121e-05,384.0,3mj/subgraph-208-metal-gear-solid-3-snake-eater.gexf,208.0,505.0,833.0,metal-gear-solid-3-snake-eater
210,0.45552884615384615,1.4498426920679105e-05,379.0,3mj/subgraph-209-metal-gear-solid-2-sons-of-liberty.gexf,209.0,505.0,832.0,metal-gear-solid-2-sons-of-liberty
211,0.45246690734055356,1.1626724025171858e-05,376.0,3mj/subgraph-210-pokemon-second-generation.gexf,210.0,506.0,831.0,pokemon-second-generation
212,0.4506024096385542,1.1654807899628794e-05,374.0,3mj/subgraph-211-skylanders.gexf,211.0,507.0,830.0,skylanders
213,0.44752714113389624,1.168299365029295e-05,371.0,3mj/subgraph-212-zelda-ocarina-of-time.gexf,212.0,508.0,829.0,zelda-ocarina-of-time
214,0.44323671497584544,1.1711281770511578e-05,367.0,3mj/subgraph-213-skyrim-dragonborn.gexf,213.0,509.0,828.0,skyrim-dragonborn
215,0.44014510278113667,8.804754567466431e-06,364.0,3mj/subgraph-214-command-and-conquer-red-alert-2.gexf,214.0,510.0,827.0,command-and-conquer-red-alert-2
216,0.437046004842615,8.8261253309797e-06,361.0,3mj/subgraph-215-mass-effect-3.gexf,215.0,512.0,826.0,mass-effect-3
217,0.43272727272727274,8.847573995210514e-06,357.0,3mj/subgraph-216-xcom-enemy-unknown.gexf,216.0,513.0,825.0,xcom-enemy-unknown
218,0.42961165048543687,8.869100939237789e-06,354.0,3mj/subgraph-217-the-binding-of-isaac.gexf,217.0,515.0,824.0,the-binding-of-isaac
219,0.4264884568651276,8.890706544449088e-06,351.0,3mj/subgraph-218-scummvm.gexf,218.0,516.0,823.0,scummvm
220,0.4233576642335766,8.9123911945575e-06,348.0,3mj/subgraph-219-wiimote.gexf,219.0,517.0,822.0,wiimote
221,0.42021924482338613,8.93415527561869e-06,345.0,3mj/subgraph-220-mario-kart-8.gexf,220.0,519.0,821.0,mario-kart-8
222,0.41585365853658535,8.955999176048076e-06,341.0,3mj/subgraph-221-xbox-system-link.gexf,221.0,520.0,820.0,xbox-system-link
223,0.4126984126984127,5.985282191092104e-06,338.0,3mj/subgraph-222-forza-horizon-2.gexf,222.0,522.0,819.0,forza-horizon-2
224,0.4095354523227384,5.999952000383997e-06,335.0,3mj/subgraph-223-watch-dogs.gexf,223.0,523.0,818.0,watch-dogs
225,0.40758873929008566,6.014675808973896e-06,333.0,3mj/subgraph-224-super-mario-64.gexf,224.0,524.0,817.0,super-mario-64
226,0.4056372549019608,6.0294538822146185e-06,331.0,3mj/subgraph-225-metal-gear-solid-5-the-phantom-pain.gexf,225.0,525.0,816.0,metal-gear-solid-5-the-phantom-pain
227,0.403680981595092,6.044286487090915e-06,329.0,3mj/subgraph-226-catherine.gexf,226.0,526.0,815.0,catherine
228,0.40171990171990174,6.059173892231533e-06,327.0,3mj/subgraph-227-sonic-and-knuckles.gexf,227.0,527.0,814.0,sonic-and-knuckles
229,0.3997539975399754,6.074116367921377e-06,325.0,3mj/subgraph-228-fallout-3.gexf,228.0,528.0,813.0,fallout-3
230,0.39655172413793105,6.0891141861137754e-06,322.0,3mj/subgraph-229-sims-3.gexf,229.0,529.0,812.0,sims-3
231,0.3933415536374846,6.104167620442857e-06,319.0,3mj/subgraph-230-pokemon-diamond-pearl-platinum.gexf,230.0,530.0,811.0,pokemon-diamond-pearl-platinum
232,0.391358024691358,6.1192769462360325e-06,317.0,3mj/subgraph-231-mount-and-blade.gexf,231.0,531.0,810.0,mount-and-blade
233,0.38813349814585907,6.134442440526581e-06,314.0,3mj/subgraph-232-kingdom-hearts-1.5-remix.gexf,232.0,532.0,809.0,kingdom-hearts-1.5-remix
234,0.38613861386138615,6.1496643820663484e-06,312.0,3mj/subgraph-233-battlefield-2.gexf,233.0,533.0,808.0,battlefield-2
235,0.38413878562577447,6.164943051338563e-06,310.0,3mj/subgraph-234-fable-2.gexf,234.0,534.0,807.0,fable-2
236,0.38089330024813894,6.180278730570749e-06,307.0,3mj/subgraph-235-hdmi.gexf,235.0,535.0,806.0,hdmi
237,0.37888198757763975,6.195671703747762e-06,305.0,3mj/subgraph-236-ps4-remote-play.gexf,236.0,536.0,805.0,ps4-remote-play
238,0.376865671641791,6.211122256624938e-06,303.0,3mj/subgraph-237-dont-starve.gexf,237.0,537.0,804.0,dont-starve
239,0.37484433374844334,6.226630676741355e-06,301.0,3mj/subgraph-238-tf2-mann-vs-machine.gexf,238.0,538.0,803.0,tf2-mann-vs-machine
240,0.371571072319202,6.2421972534332085e-06,298.0,3mj/subgraph-239-mario-series.gexf,239.0,539.0,802.0,mario-series
241,0.3682896379525593,6.257822277847309e-06,295.0,3mj/subgraph-240-zelda-wind-waker.gexf,240.0,540.0,801.0,zelda-wind-waker
242,0.365,3.136753021477348e-06,292.0,3mj/subgraph-241-mirrors-edge.gexf,241.0,541.0,800.0,mirrors-edge
243,0.36295369211514394,3.1446244217821844e-06,290.0,3mj/subgraph-242-steam-play.gexf,242.0,542.0,799.0,steam-play
244,0.3609022556390977,3.152525488168572e-06,288.0,3mj/subgraph-243-age-of-empires-ii-the-age-of-kings.gexf,243.0,543.0,798.0,age-of-empires-ii-the-age-of-kings
245,0.3588456712672522,3.1604563698998133e-06,286.0,3mj/subgraph-244-overwatch.gexf,244.0,544.0,797.0,overwatch
246,0.35678391959798994,3.168417217179158e-06,284.0,3mj/subgraph-245-fifa-11.gexf,245.0,545.0,796.0,fifa-11
247,0.35471698113207545,3.1764081811569113e-06,282.0,3mj/subgraph-246-3d-analyze.gexf,246.0,546.0,795.0,3d-analyze
248,0.3526448362720403,3.1844294139376107e-06,280.0,3mj/subgraph-247-disgaea-4.gexf,247.0,547.0,794.0,disgaea-4
249,0.3505674653215637,3.1924810685872635e-06,278.0,3mj/subgraph-248-torchlight-2.gexf,248.0,548.0,793.0,torchlight-2
250,0.3484848484848485,3.200563299140649e-06,276.0,3mj/subgraph-249-the-wolf-among-us.gexf,249.0,549.0,792.0,the-wolf-among-us
251,0.3438685208596713,6.417352521217372e-06,272.0,3mj/subgraph-250-the-walking-dead-2.gexf,250.0,549.0,791.0,the-walking-dead-2
252,0.34050632911392403,3.2168201089858654e-06,269.0,3mj/subgraph-251-windows-mobile.gexf,251.0,550.0,790.0,windows-mobile
253,0.33840304182509506,3.224995001257748e-06,267.0,3mj/subgraph-252-stepmania.gexf,252.0,551.0,789.0,stepmania
254,0.3362944162436548,3.2332010954085313e-06,265.0,3mj/subgraph-253-rock-band-4.gexf,253.0,552.0,788.0,rock-band-4
255,0.3341804320203304,3.2414385504286803e-06,263.0,3mj/subgraph-254-saints-row-the-third.gexf,254.0,553.0,787.0,saints-row-the-third
256,0.3320610687022901,3.249707526322631e-06,261.0,3mj/subgraph-255-rome-total-war.gexf,255.0,554.0,786.0,rome-total-war
257,0.32993630573248406,3.2580081841165585e-06,259.0,3mj/subgraph-256-quake-live.gexf,256.0,555.0,785.0,quake-live
258,0.3278061224489796,3.266340685866217e-06,257.0,3mj/subgraph-257-okami.gexf,257.0,556.0,784.0,okami
259,0.32567049808429116,3.2747051946648503e-06,255.0,3mj/subgraph-258-windows-vista.gexf,258.0,557.0,783.0,windows-vista
260,0.3235294117647059,3.2831018746511703e-06,253.0,3mj/subgraph-259-minecraft-hexxit.gexf,259.0,558.0,782.0,minecraft-hexxit
261,0.3213828425096031,3.291530891017412e-06,251.0,3mj/subgraph-260-diablo-3-witch-doctor.gexf,260.0,559.0,781.0,diablo-3-witch-doctor
262,0.3192307692307692,3.299992410017457e-06,249.0,3mj/subgraph-261-neptunia-rebirth-2.gexf,261.0,560.0,780.0,neptunia-rebirth-2
263,0.3170731707317073,3.3084865989750307e-06,247.0,3mj/subgraph-262-steam-trading-cards.gexf,262.0,561.0,779.0,steam-trading-cards
264,0.3149100257069409,3.3170136262919768e-06,245.0,3mj/subgraph-263-minecraft-factorization.gexf,263.0,562.0,778.0,minecraft-factorization
265,0.3127413127413127,3.325573661456601e-06,243.0,3mj/subgraph-264-splatoon-2.gexf,264.0,563.0,777.0,splatoon-2
266,0.31056701030927836,3.3341668750520963e-06,241.0,3mj/subgraph-265-crusader-kings-2.gexf,265.0,564.0,776.0,crusader-kings-2
267,0.30838709677419357,3.3427934387650386e-06,239.0,3mj/subgraph-266-aion.gexf,266.0,565.0,775.0,aion
268,0.3062015503875969,3.3514535253939634e-06,237.0,3mj/subgraph-267-dota.gexf,267.0,566.0,774.0,dota
269,0.3040103492884864,3.36014730885802e-06,235.0,3mj/subgraph-268-nba2k12.gexf,268.0,567.0,773.0,nba2k12
270,0.3018134715025907,3.3688749642057035e-06,233.0,3mj/subgraph-269-command-and-conquer-red-alert-3.gexf,269.0,568.0,772.0,command-and-conquer-red-alert-3
271,0.29961089494163423,3.3776366676236638e-06,231.0,3mj/subgraph-270-magic-the-gathering-online.gexf,270.0,569.0,771.0,magic-the-gathering-online
272,0.2974025974025974,3.3864325964456003e-06,229.0,3mj/subgraph-271-dayz-2012.gexf,271.0,570.0,770.0,dayz-2012
273,0.2951885565669701,3.3952629291612344e-06,227.0,3mj/subgraph-272-silent-hill-series.gexf,272.0,571.0,769.0,silent-hill-series
274,0.29296875,3.404127845425363e-06,225.0,3mj/subgraph-273-pal.gexf,273.0,572.0,768.0,pal
275,0.2907431551499348,3.4130275260669976e-06,223.0,3mj/subgraph-274-monster-hunter-3-ultimate.gexf,274.0,573.0,767.0,monster-hunter-3-ultimate
276,0.2885117493472585,3.421962153098587e-06,221.0,3mj/subgraph-275-maniac-mansion.gexf,275.0,574.0,766.0,maniac-mansion
277,0.28627450980392155,3.4309319097253195e-06,219.0,3mj/subgraph-276-onlive.gexf,276.0,575.0,765.0,onlive
278,0.28403141361256545,3.43993698035452e-06,217.0,3mj/subgraph-277-dishonored-2.gexf,277.0,576.0,764.0,dishonored-2
279,0.2817824377457405,3.4489775506051233e-06,215.0,3mj/subgraph-278-xbox-game-pass-for-pc.gexf,278.0,577.0,763.0,xbox-game-pass-for-pc
280,0.2795275590551181,3.458053807317242e-06,213.0,3mj/subgraph-279-wwe-2k16.gexf,279.0,578.0,762.0,wwe-2k16
281,0.27726675427069647,3.4671659385618195e-06,211.0,3mj/subgraph-280-ouya.gexf,280.0,579.0,761.0,ouya
282,0.275,3.476314133650373e-06,209.0,3mj/subgraph-281-castlevania-symphony-of-the-night.gexf,281.0,580.0,760.0,castlevania-symphony-of-the-night
283,0.2727272727272727,3.485498583144826e-06,207.0,3mj/subgraph-282-batman-arkham-city.gexf,282.0,581.0,759.0,batman-arkham-city
284,0.2704485488126649,3.4947194788674315e-06,205.0,3mj/subgraph-283-super-street-fighter-iv.gexf,283.0,582.0,758.0,super-street-fighter-iv
285,0.26816380449141347,3.503977013910789e-06,203.0,3mj/subgraph-284-shadowrun-dragonfall.gexf,284.0,583.0,757.0,shadowrun-dragonfall
286,0.26587301587301587,3.5132713826479527e-06,201.0,3mj/subgraph-285-hotline-miami-2.gexf,285.0,584.0,756.0,hotline-miami-2
287,0.2635761589403974,1.7613013903713176e-06,199.0,3mj/subgraph-286-pokemon-third-generation.gexf,286.0,585.0,755.0,pokemon-third-generation
288,0.259946949602122,3.5319714051595037e-06,196.0,3mj/subgraph-287-pokemon-ruby-sapphire-emerald.gexf,287.0,585.0,754.0,pokemon-ruby-sapphire-emerald
289,0.25763612217795484,1.770688727087288e-06,194.0,3mj/subgraph-288-icewind-dale.gexf,288.0,586.0,753.0,icewind-dale
290,0.25398936170212766,3.550821127385708e-06,191.0,3mj/subgraph-289-baldurs-gate.gexf,289.0,586.0,752.0,baldurs-gate
291,0.25166444740346205,1.7801513128615931e-06,189.0,3mj/subgraph-290-dark-souls-series.gexf,290.0,587.0,751.0,dark-souls-series
292,0.248,3.569822151460414e-06,186.0,3mj/subgraph-291-dark-souls.gexf,291.0,587.0,750.0,dark-souls
293,0.24566088117489987,0.0,184.0,3mj/subgraph-292-assassins-creed.gexf,292.0,588.0,749.0,assassins-creed
294,0.24598930481283424,0.0,184.0,3mj/subgraph-293-flight-simulator-x.gexf,293.0,587.0,748.0,flight-simulator-x
295,0.24497991967871485,0.0,183.0,3mj/subgraph-294-far-cry-3.gexf,294.0,587.0,747.0,far-cry-3
296,0.2453083109919571,0.0,183.0,3mj/subgraph-295-legend-of-zelda.gexf,295.0,586.0,746.0,legend-of-zelda
297,0.24563758389261744,0.0,183.0,3mj/subgraph-296-call-of-duty-infinite-warfare.gexf,296.0,585.0,745.0,call-of-duty-infinite-warfare
298,0.24596774193548387,0.0,183.0,3mj/subgraph-297-gun-bros.gexf,297.0,584.0,744.0,gun-bros
299,0.24629878869448182,0.0,183.0,3mj/subgraph-298-the-cave.gexf,298.0,583.0,743.0,the-cave
300,0.24663072776280323,0.0,183.0,3mj/subgraph-299-kingdom-hearts-2.5-remix.gexf,299.0,582.0,742.0,kingdom-hearts-2.5-remix
301,0.24561403508771928,0.0,182.0,3mj/subgraph-300-cities-skylines.gexf,300.0,582.0,741.0,cities-skylines
302,0.24594594594594596,0.0,182.0,3mj/subgraph-301-age-of-empires-iii.gexf,301.0,581.0,740.0,age-of-empires-iii
303,0.2462787550744249,0.0,182.0,3mj/subgraph-302-carmageddon.gexf,302.0,580.0,739.0,carmageddon
304,0.24661246612466126,0.0,182.0,3mj/subgraph-303-command-and-conquer-3-tiberium-wars.gexf,303.0,579.0,738.0,command-and-conquer-3-tiberium-wars
305,0.24694708276797828,0.0,182.0,3mj/subgraph-304-civilization-6-rise-and-fall.gexf,304.0,578.0,737.0,civilization-6-rise-and-fall
306,0.24728260869565216,0.0,182.0,3mj/subgraph-305-half-life-series.gexf,305.0,577.0,736.0,half-life-series
307,0.24489795918367346,0.0,180.0,3mj/subgraph-306-sins-of-a-solar-empire-rebellion.gexf,306.0,577.0,735.0,sins-of-a-solar-empire-rebellion
308,0.2452316076294278,0.0,180.0,3mj/subgraph-307-scribblenauts-unlimited.gexf,307.0,576.0,734.0,scribblenauts-unlimited
309,0.24556616643929058,0.0,180.0,3mj/subgraph-308-sid-meiers-pirates.gexf,308.0,575.0,733.0,sid-meiers-pirates
310,0.2459016393442623,0.0,180.0,3mj/subgraph-309-hardware-identification.gexf,309.0,574.0,732.0,hardware-identification
311,0.24623803009575923,0.0,180.0,3mj/subgraph-310-audiosurf.gexf,310.0,573.0,731.0,audiosurf
312,0.2452054794520548,0.0,179.0,3mj/subgraph-311-the-last-of-us.gexf,311.0,573.0,730.0,the-last-of-us
313,0.24554183813443073,0.0,179.0,3mj/subgraph-312-zelda-oracle-of-ages.gexf,312.0,572.0,729.0,zelda-oracle-of-ages
314,0.2445054945054945,0.0,178.0,3mj/subgraph-313-pokemon-mystery-dungeon.gexf,313.0,572.0,728.0,pokemon-mystery-dungeon
315,0.24484181568088034,0.0,178.0,3mj/subgraph-314-donkey-kong.gexf,314.0,571.0,727.0,donkey-kong
316,0.24517906336088155,0.0,178.0,3mj/subgraph-315-the-division.gexf,315.0,570.0,726.0,the-division
317,0.24413793103448275,0.0,177.0,3mj/subgraph-316-risk-of-rain.gexf,316.0,570.0,725.0,risk-of-rain
318,0.24447513812154695,0.0,177.0,3mj/subgraph-317-halo-2.gexf,317.0,569.0,724.0,halo-2
319,0.24343015214384509,0.0,176.0,3mj/subgraph-318-crysis.gexf,318.0,569.0,723.0,crysis
320,0.24376731301939059,0.0,176.0,3mj/subgraph-319-commodore-64.gexf,319.0,568.0,722.0,commodore-64
321,0.24410540915395285,0.0,176.0,3mj/subgraph-320-castle-crashers.gexf,320.0,567.0,721.0,castle-crashers
322,0.24444444444444444,0.0,176.0,3mj/subgraph-321-pro-evolution-soccer-2013.gexf,321.0,566.0,720.0,pro-evolution-soccer-2013
323,0.24478442280945759,0.0,176.0,3mj/subgraph-322-battlefield-bad-company-2.gexf,322.0,565.0,719.0,battlefield-bad-company-2
324,0.24373259052924792,0.0,175.0,3mj/subgraph-323-simpsons-tapped-out.gexf,323.0,565.0,718.0,simpsons-tapped-out
325,0.24407252440725244,0.0,175.0,3mj/subgraph-324-europa-universalis-4.gexf,324.0,564.0,717.0,europa-universalis-4
326,0.24441340782122906,0.0,175.0,3mj/subgraph-325-diablo.gexf,325.0,563.0,716.0,diablo
327,0.24475524475524477,0.0,175.0,3mj/subgraph-326-civilization-beyond-earth.gexf,326.0,562.0,715.0,civilization-beyond-earth
328,0.24369747899159663,0.0,174.0,3mj/subgraph-327-unity-web-player.gexf,327.0,562.0,714.0,unity-web-player
329,0.24403927068723702,0.0,174.0,3mj/subgraph-328-monster-hunter-world.gexf,328.0,561.0,713.0,monster-hunter-world
330,0.2443820224719101,0.0,174.0,3mj/subgraph-329-splatoon.gexf,329.0,560.0,712.0,splatoon
331,0.24472573839662448,0.0,174.0,3mj/subgraph-330-medal-of-honor.gexf,330.0,559.0,711.0,medal-of-honor
332,0.24507042253521127,0.0,174.0,3mj/subgraph-331-streetpass-mii-plaza.gexf,331.0,558.0,710.0,streetpass-mii-plaza
333,0.2454160789844852,0.0,174.0,3mj/subgraph-332-bioshock-2.gexf,332.0,557.0,709.0,bioshock-2
334,0.2443502824858757,0.0,173.0,3mj/subgraph-333-botanicula.gexf,333.0,557.0,708.0,botanicula
335,0.2446958981612447,0.0,173.0,3mj/subgraph-334-fable-series.gexf,334.0,556.0,707.0,fable-series
336,0.24362606232294617,0.0,172.0,3mj/subgraph-335-sonic-the-hedgehog.gexf,335.0,556.0,706.0,sonic-the-hedgehog
337,0.2425531914893617,0.0,171.0,3mj/subgraph-336-final-fantasy-8.gexf,336.0,556.0,705.0,final-fantasy-8
338,0.24289772727272727,0.0,171.0,3mj/subgraph-337-windows-95.gexf,337.0,555.0,704.0,windows-95
339,0.24324324324324326,0.0,171.0,3mj/subgraph-338-metro-last-light.gexf,338.0,554.0,703.0,metro-last-light
340,0.24074074074074073,0.0,169.0,3mj/subgraph-339-spelunky-hd.gexf,339.0,554.0,702.0,spelunky-hd
341,0.24108416547788872,0.0,169.0,3mj/subgraph-340-dragon-ball-xenoverse.gexf,340.0,553.0,701.0,dragon-ball-xenoverse
342,0.24,0.0,168.0,3mj/subgraph-341-pokemon-home.gexf,341.0,553.0,700.0,pokemon-home
343,0.2374821173104435,0.0,166.0,3mj/subgraph-342-spore.gexf,342.0,553.0,699.0,spore
344,0.23782234957020057,0.0,166.0,3mj/subgraph-343-minecraft-applied-energistics.gexf,343.0,552.0,698.0,minecraft-applied-energistics
345,0.23672883787661406,0.0,165.0,3mj/subgraph-344-the-darkness-2.gexf,344.0,552.0,697.0,the-darkness-2
346,0.23706896551724138,0.0,165.0,3mj/subgraph-345-atari-2600.gexf,345.0,551.0,696.0,atari-2600
347,0.23597122302158274,0.0,164.0,3mj/subgraph-346-fifa-18.gexf,346.0,551.0,695.0,fifa-18
348,0.23631123919308358,0.0,164.0,3mj/subgraph-347-mass-effect.gexf,347.0,550.0,694.0,mass-effect
349,0.23376623376623376,0.0,162.0,3mj/subgraph-348-mtg-duels-of-the-planeswalkers-2014.gexf,348.0,550.0,693.0,mtg-duels-of-the-planeswalkers-2014
350,0.23121387283236994,0.0,160.0,3mj/subgraph-349-nba2k13.gexf,349.0,550.0,692.0,nba2k13
351,0.23154848046309695,0.0,160.0,3mj/subgraph-350-thief.gexf,350.0,549.0,691.0,thief
352,0.2318840579710145,0.0,160.0,3mj/subgraph-351-test-drive-unlimited-2.gexf,351.0,548.0,690.0,test-drive-unlimited-2
353,0.23222060957910015,0.0,160.0,3mj/subgraph-352-minesweeper.gexf,352.0,547.0,689.0,minesweeper
354,0.23255813953488372,0.0,160.0,3mj/subgraph-353-final-fantasy-3.gexf,353.0,546.0,688.0,final-fantasy-3
355,0.2328966521106259,0.0,160.0,3mj/subgraph-354-gears-of-war-3.gexf,354.0,545.0,687.0,gears-of-war-3
356,0.2303206997084548,0.0,158.0,3mj/subgraph-355-mini-ninjas.gexf,355.0,545.0,686.0,mini-ninjas
357,0.23065693430656933,0.0,158.0,3mj/subgraph-356-homeworld-remastered-collection.gexf,356.0,544.0,685.0,homeworld-remastered-collection
358,0.22953216374269006,0.0,157.0,3mj/subgraph-357-bravely-default.gexf,357.0,544.0,684.0,bravely-default
359,0.22986822840409957,0.0,157.0,3mj/subgraph-358-might-and-magic-heroes-6.gexf,358.0,543.0,683.0,might-and-magic-heroes-6
360,0.23020527859237536,0.0,157.0,3mj/subgraph-359-medieval-2-total-war.gexf,359.0,542.0,682.0,medieval-2-total-war
361,0.2305433186490455,0.0,157.0,3mj/subgraph-360-tf2-spy.gexf,360.0,541.0,681.0,tf2-spy
362,0.22941176470588234,0.0,156.0,3mj/subgraph-361-need-for-speed-hot-pursuit-2.gexf,361.0,541.0,680.0,need-for-speed-hot-pursuit-2
363,0.22974963181148747,0.0,156.0,3mj/subgraph-362-torchlight.gexf,362.0,540.0,679.0,torchlight
364,0.23008849557522124,0.0,156.0,3mj/subgraph-363-warcraft-2.gexf,363.0,539.0,678.0,warcraft-2
365,0.22895125553914328,0.0,155.0,3mj/subgraph-364-soul-calibur-5.gexf,364.0,539.0,677.0,soul-calibur-5
366,0.22781065088757396,0.0,154.0,3mj/subgraph-365-dark-souls-2-sotfs.gexf,365.0,539.0,676.0,dark-souls-2-sotfs
367,0.22814814814814816,0.0,154.0,3mj/subgraph-366-quake-2.gexf,366.0,538.0,675.0,quake-2
368,0.228486646884273,0.0,154.0,3mj/subgraph-367-minecraft-computercraft.gexf,367.0,537.0,674.0,minecraft-computercraft
369,0.22734026745913818,0.0,153.0,3mj/subgraph-368-blizzard.gexf,368.0,537.0,673.0,blizzard
370,0.22767857142857142,0.0,153.0,3mj/subgraph-369-galaxy-editor.gexf,369.0,536.0,672.0,galaxy-editor
371,0.22801788375558868,0.0,153.0,3mj/subgraph-370-dragon-age-inquisition.gexf,370.0,535.0,671.0,dragon-age-inquisition
372,0.2253731343283582,0.0,151.0,3mj/subgraph-371-dragon-quest-heroes.gexf,371.0,535.0,670.0,dragon-quest-heroes
373,0.2257100149476831,0.0,151.0,3mj/subgraph-372-no-mans-sky.gexf,372.0,534.0,669.0,no-mans-sky
374,0.22604790419161677,0.0,151.0,3mj/subgraph-373-final-fantasy-7.gexf,373.0,533.0,668.0,final-fantasy-7
375,0.22488755622188905,0.0,150.0,3mj/subgraph-374-battlelog.gexf,374.0,533.0,667.0,battlelog
376,0.2222222222222222,0.0,148.0,3mj/subgraph-375-thief-gold.gexf,375.0,533.0,666.0,thief-gold
377,0.22105263157894736,0.0,147.0,3mj/subgraph-376-for-honor.gexf,376.0,533.0,665.0,for-honor
378,0.2213855421686747,0.0,147.0,3mj/subgraph-377-halo-5-guardians.gexf,377.0,532.0,664.0,halo-5-guardians
379,0.22171945701357465,0.0,147.0,3mj/subgraph-378-the-secret-of-monkey-island-se.gexf,378.0,531.0,663.0,the-secret-of-monkey-island-se
380,0.22205438066465258,0.0,147.0,3mj/subgraph-379-final-fantasy-tactics.gexf,379.0,530.0,662.0,final-fantasy-tactics
381,0.22087745839636913,0.0,146.0,3mj/subgraph-380-deus-ex-human-revolution.gexf,380.0,530.0,661.0,deus-ex-human-revolution
382,0.2196969696969697,0.0,145.0,3mj/subgraph-381-trine-2.gexf,381.0,530.0,660.0,trine-2
383,0.22003034901365706,0.0,145.0,3mj/subgraph-382-wipeout-hd-fury.gexf,382.0,529.0,659.0,wipeout-hd-fury
384,0.22036474164133737,0.0,145.0,3mj/subgraph-383-wii-fit-u.gexf,383.0,528.0,658.0,wii-fit-u
385,0.2207001522070015,0.0,145.0,3mj/subgraph-384-steam-broadcasting.gexf,384.0,527.0,657.0,steam-broadcasting
386,0.22103658536585366,0.0,145.0,3mj/subgraph-385-infinity-blade.gexf,385.0,526.0,656.0,infinity-blade
387,0.22137404580152673,0.0,145.0,3mj/subgraph-386-fire-emblem-heroes.gexf,386.0,525.0,655.0,fire-emblem-heroes
388,0.2217125382262997,0.0,145.0,3mj/subgraph-387-counter-strike-condition-zero.gexf,387.0,524.0,654.0,counter-strike-condition-zero
389,0.222052067381317,0.0,145.0,3mj/subgraph-388-dwarf-fortress.gexf,388.0,523.0,653.0,dwarf-fortress
390,0.2223926380368098,0.0,145.0,3mj/subgraph-389-final-fantasy-13.gexf,389.0,522.0,652.0,final-fantasy-13
391,0.22119815668202766,0.0,144.0,3mj/subgraph-390-zelda-breath-of-the-wild.gexf,390.0,522.0,651.0,zelda-breath-of-the-wild
392,0.22153846153846155,0.0,144.0,3mj/subgraph-391-cheat-engine.gexf,391.0,521.0,650.0,cheat-engine
393,0.2218798151001541,0.0,144.0,3mj/subgraph-392-banjo-kazooie.gexf,392.0,520.0,649.0,banjo-kazooie
394,0.22067901234567902,0.0,143.0,3mj/subgraph-393-rocket-league.gexf,393.0,520.0,648.0,rocket-league
395,0.21947449768160743,0.0,142.0,3mj/subgraph-394-burnout-paradise.gexf,394.0,520.0,647.0,burnout-paradise
396,0.21981424148606812,0.0,142.0,3mj/subgraph-395-lips.gexf,395.0,519.0,646.0,lips
397,0.2186046511627907,0.0,141.0,3mj/subgraph-396-star-wars-battlefront-2015.gexf,396.0,519.0,645.0,star-wars-battlefront-2015
398,0.21894409937888198,0.0,141.0,3mj/subgraph-397-silent-hill-2.gexf,397.0,518.0,644.0,silent-hill-2
399,0.2192846034214619,0.0,141.0,3mj/subgraph-398-dragons-dogma.gexf,398.0,517.0,643.0,dragons-dogma
400,0.21806853582554517,0.0,140.0,3mj/subgraph-399-napoleon-total-war.gexf,399.0,517.0,642.0,napoleon-total-war
401,0.21684867394695787,0.0,139.0,3mj/subgraph-400-fable-3.gexf,400.0,517.0,641.0,fable-3
402,0.2171875,0.0,139.0,3mj/subgraph-401-myst.gexf,401.0,516.0,640.0,myst
403,0.215962441314554,0.0,138.0,3mj/subgraph-402-metroid-prime-trilogy.gexf,402.0,516.0,639.0,metroid-prime-trilogy
404,0.21630094043887146,0.0,138.0,3mj/subgraph-403-fifa-10.gexf,403.0,515.0,638.0,fifa-10
405,0.21664050235478807,0.0,138.0,3mj/subgraph-404-halo-3.gexf,404.0,514.0,637.0,halo-3
406,0.2169811320754717,0.0,138.0,3mj/subgraph-405-minecraft-redstone.gexf,405.0,513.0,636.0,minecraft-redstone
407,0.215748031496063,0.0,137.0,3mj/subgraph-406-xbox-app.gexf,406.0,513.0,635.0,xbox-app
408,0.21608832807570977,0.0,137.0,3mj/subgraph-407-persona-4.gexf,407.0,512.0,634.0,persona-4
409,0.21484992101105846,0.0,136.0,3mj/subgraph-408-marvel-vs-capcom-3.gexf,408.0,512.0,633.0,marvel-vs-capcom-3
410,0.21360759493670886,0.0,135.0,3mj/subgraph-409-watch-dogs-2.gexf,409.0,512.0,632.0,watch-dogs-2
411,0.21394611727416799,0.0,135.0,3mj/subgraph-410-sonic-3-and-knuckles.gexf,410.0,511.0,631.0,sonic-3-and-knuckles
412,0.21428571428571427,0.0,135.0,3mj/subgraph-411-neptunia-mk2.gexf,411.0,510.0,630.0,neptunia-mk2
413,0.21462639109697934,0.0,135.0,3mj/subgraph-412-persona-3-fes.gexf,412.0,509.0,629.0,persona-3-fes
414,0.21496815286624205,0.0,135.0,3mj/subgraph-413-fifa-16.gexf,413.0,508.0,628.0,fifa-16
415,0.215311004784689,0.0,135.0,3mj/subgraph-414-minecraft-legacy-console.gexf,414.0,507.0,627.0,minecraft-legacy-console
416,0.21565495207667731,0.0,135.0,3mj/subgraph-415-wasteland-2.gexf,415.0,506.0,626.0,wasteland-2
417,0.2144,0.0,134.0,3mj/subgraph-416-halo-anniversary.gexf,416.0,506.0,625.0,halo-anniversary
418,0.21474358974358973,0.0,134.0,3mj/subgraph-417-fraps.gexf,417.0,505.0,624.0,fraps
419,0.21348314606741572,0.0,133.0,3mj/subgraph-418-guitar-hero-live.gexf,418.0,505.0,623.0,guitar-hero-live
420,0.21382636655948553,0.0,133.0,3mj/subgraph-419-warcraft-3-frozen-throne.gexf,419.0,504.0,622.0,warcraft-3-frozen-throne
421,0.214170692431562,0.0,133.0,3mj/subgraph-420-the-witcher-2.gexf,420.0,503.0,621.0,the-witcher-2
422,0.2129032258064516,0.0,132.0,3mj/subgraph-421-borderlands-pre-sequel.gexf,421.0,503.0,620.0,borderlands-pre-sequel
423,0.21324717285945072,0.0,132.0,3mj/subgraph-422-elite-dangerous.gexf,422.0,502.0,619.0,elite-dangerous
424,0.21197411003236247,0.0,131.0,3mj/subgraph-423-tf2-demoman.gexf,423.0,502.0,618.0,tf2-demoman
425,0.20907617504051865,0.0,129.0,3mj/subgraph-424-battletech.gexf,424.0,502.0,617.0,battletech
426,0.20941558441558442,0.0,129.0,3mj/subgraph-425-minecraft-data-packs.gexf,425.0,501.0,616.0,minecraft-data-packs
427,0.2097560975609756,0.0,129.0,3mj/subgraph-426-altos-adventure.gexf,426.0,500.0,615.0,altos-adventure
428,0.21009771986970685,0.0,129.0,3mj/subgraph-427-machinarium.gexf,427.0,499.0,614.0,machinarium
429,0.21044045676998369,0.0,129.0,3mj/subgraph-428-assassins-creed-revelations.gexf,428.0,498.0,613.0,assassins-creed-revelations
430,0.20915032679738563,0.0,128.0,3mj/subgraph-429-mass-effect-2.gexf,429.0,498.0,612.0,mass-effect-2
431,0.2078559738134206,0.0,127.0,3mj/subgraph-430-temple-run-2.gexf,430.0,498.0,611.0,temple-run-2
432,0.2081967213114754,0.0,127.0,3mj/subgraph-431-dishonored.gexf,431.0,497.0,610.0,dishonored
433,0.20853858784893267,0.0,127.0,3mj/subgraph-432-minecraft-technic-pack.gexf,432.0,496.0,609.0,minecraft-technic-pack
434,0.20888157894736842,0.0,127.0,3mj/subgraph-433-mortal-kombat-3.gexf,433.0,495.0,608.0,mortal-kombat-3
435,0.20757825370675453,0.0,126.0,3mj/subgraph-434-dance-central.gexf,434.0,495.0,607.0,dance-central
436,0.20462046204620463,0.0,124.0,3mj/subgraph-435-game-boy.gexf,435.0,495.0,606.0,game-boy
437,0.20330578512396694,0.0,123.0,3mj/subgraph-436-sky-force-reloaded.gexf,436.0,495.0,605.0,sky-force-reloaded
438,0.20364238410596028,0.0,123.0,3mj/subgraph-437-gog-galaxy.gexf,437.0,494.0,604.0,gog-galaxy
439,0.2023217247097844,0.0,122.0,3mj/subgraph-438-xbox-live-arcade.gexf,438.0,494.0,603.0,xbox-live-arcade
440,0.2009966777408638,0.0,121.0,3mj/subgraph-439-uncharted-series.gexf,439.0,494.0,602.0,uncharted-series
441,0.19633943427620631,0.0,118.0,3mj/subgraph-440-touch.gexf,440.0,494.0,601.0,touch
442,0.195,0.0,117.0,3mj/subgraph-441-mario-kart-8-deluxe.gexf,441.0,494.0,600.0,mario-kart-8-deluxe
443,0.19532554257095158,0.0,117.0,3mj/subgraph-442-tidalis.gexf,442.0,493.0,599.0,tidalis
444,0.1956521739130435,0.0,117.0,3mj/subgraph-443-baldurs-gate-2.gexf,443.0,492.0,598.0,baldurs-gate-2
445,0.19597989949748743,0.0,117.0,3mj/subgraph-444-king-of-avalon-dragon-warfare.gexf,444.0,491.0,597.0,king-of-avalon-dragon-warfare
446,0.19630872483221476,0.0,117.0,3mj/subgraph-445-tetris.gexf,445.0,490.0,596.0,tetris
447,0.19663865546218487,0.0,117.0,3mj/subgraph-446-stellaris.gexf,446.0,489.0,595.0,stellaris
448,0.19696969696969696,0.0,117.0,3mj/subgraph-447-dynasty-warriors.gexf,447.0,488.0,594.0,dynasty-warriors
449,0.19561551433389546,0.0,116.0,3mj/subgraph-448-ultimate-mvc3.gexf,448.0,488.0,593.0,ultimate-mvc3
450,0.19594594594594594,0.0,116.0,3mj/subgraph-449-disgaea.gexf,449.0,487.0,592.0,disgaea
451,0.19627749576988154,0.0,116.0,3mj/subgraph-450-fallout-shelter.gexf,450.0,486.0,591.0,fallout-shelter
452,0.19661016949152543,0.0,116.0,3mj/subgraph-451-minecraft-voltz.gexf,451.0,485.0,590.0,minecraft-voltz
453,0.1969439728353141,0.0,116.0,3mj/subgraph-452-tomb-raider-2013.gexf,452.0,484.0,589.0,tomb-raider-2013
454,0.19727891156462585,0.0,116.0,3mj/subgraph-453-lego-star-wars-3.gexf,453.0,483.0,588.0,lego-star-wars-3
455,0.19591141396933562,0.0,115.0,3mj/subgraph-454-prey.gexf,454.0,483.0,587.0,prey
456,0.1962457337883959,0.0,115.0,3mj/subgraph-455-resident-evil-7.gexf,455.0,482.0,586.0,resident-evil-7
457,0.19658119658119658,0.0,115.0,3mj/subgraph-456-metroid.gexf,456.0,481.0,585.0,metroid
458,0.1969178082191781,0.0,115.0,3mj/subgraph-457-zelda-majoras-mask.gexf,457.0,480.0,584.0,zelda-majoras-mask
459,0.1955403087478559,0.0,114.0,3mj/subgraph-458-new-super-mario-bros-wii.gexf,458.0,480.0,583.0,new-super-mario-bros-wii
460,0.1958762886597938,0.0,114.0,3mj/subgraph-459-kingdoms-amalur-reckoning.gexf,459.0,479.0,582.0,kingdoms-amalur-reckoning
461,0.1962134251290878,0.0,114.0,3mj/subgraph-460-puzzle-quest-2.gexf,460.0,478.0,581.0,puzzle-quest-2
462,0.19655172413793104,0.0,114.0,3mj/subgraph-461-spacechem.gexf,461.0,477.0,580.0,spacechem
463,0.19689119170984457,0.0,114.0,3mj/subgraph-462-serious-sam-3-bfe.gexf,462.0,476.0,579.0,serious-sam-3-bfe
464,0.1972318339100346,0.0,114.0,3mj/subgraph-463-tf2-engineer.gexf,463.0,475.0,578.0,tf2-engineer
465,0.1975736568457539,0.0,114.0,3mj/subgraph-464-dance-central-2.gexf,464.0,474.0,577.0,dance-central-2
466,0.19618055555555555,0.0,113.0,3mj/subgraph-465-dear-esther.gexf,465.0,474.0,576.0,dear-esther
467,0.19652173913043477,0.0,113.0,3mj/subgraph-466-final-fantasy-4.gexf,466.0,473.0,575.0,final-fantasy-4
468,0.19686411149825783,0.0,113.0,3mj/subgraph-467-pro-evolution-soccer-series.gexf,467.0,472.0,574.0,pro-evolution-soccer-series
469,0.19546247818499127,0.0,112.0,3mj/subgraph-468-persona-5.gexf,468.0,472.0,573.0,persona-5
470,0.19405594405594406,0.0,111.0,3mj/subgraph-469-wwe-2k15.gexf,469.0,472.0,572.0,wwe-2k15
471,0.19439579684763572,0.0,111.0,3mj/subgraph-470-uncharted-3.gexf,470.0,471.0,571.0,uncharted-3
472,0.1912280701754386,0.0,109.0,3mj/subgraph-471-south-park-the-stick-of-truth.gexf,471.0,471.0,570.0,south-park-the-stick-of-truth
473,0.19156414762741653,0.0,109.0,3mj/subgraph-472-dungeons-dragons-online.gexf,472.0,470.0,569.0,dungeons-dragons-online
474,0.19190140845070422,0.0,109.0,3mj/subgraph-473-tf2-soldier.gexf,473.0,469.0,568.0,tf2-soldier
475,0.19047619047619047,0.0,108.0,3mj/subgraph-474-dragon-age-origins.gexf,474.0,469.0,567.0,dragon-age-origins
476,0.18904593639575973,0.0,107.0,3mj/subgraph-475-supreme-commander.gexf,475.0,469.0,566.0,supreme-commander
477,0.18938053097345134,0.0,107.0,3mj/subgraph-476-teamspeak.gexf,476.0,468.0,565.0,teamspeak
478,0.18971631205673758,0.0,107.0,3mj/subgraph-477-vmware-fusion.gexf,477.0,467.0,564.0,vmware-fusion
479,0.19005328596802842,0.0,107.0,3mj/subgraph-478-counter-strike-source.gexf,478.0,466.0,563.0,counter-strike-source
480,0.1903914590747331,0.0,107.0,3mj/subgraph-479-minecraft-thermal-expansion.gexf,479.0,465.0,562.0,minecraft-thermal-expansion
481,0.19073083778966132,0.0,107.0,3mj/subgraph-480-dance-central-3.gexf,480.0,464.0,561.0,dance-central-3
482,0.19107142857142856,0.0,107.0,3mj/subgraph-481-doom-2.gexf,481.0,463.0,560.0,doom-2
483,0.18962432915921287,0.0,106.0,3mj/subgraph-482-grand-theft-auto-vice-city.gexf,482.0,463.0,559.0,grand-theft-auto-vice-city
484,0.1881720430107527,0.0,105.0,3mj/subgraph-483-playstation-now.gexf,483.0,463.0,558.0,playstation-now
485,0.18850987432675045,0.0,105.0,3mj/subgraph-484-simcity-3000.gexf,484.0,462.0,557.0,simcity-3000
486,0.18705035971223022,0.0,104.0,3mj/subgraph-485-kerbal-space-program.gexf,485.0,462.0,556.0,kerbal-space-program
487,0.1873873873873874,0.0,104.0,3mj/subgraph-486-mtg-duels-of-the-planeswalkers-2012.gexf,486.0,461.0,555.0,mtg-duels-of-the-planeswalkers-2012
488,0.18592057761732853,0.0,103.0,3mj/subgraph-487-indiana-jones-and-the-last-crusade.gexf,487.0,461.0,554.0,indiana-jones-and-the-last-crusade
489,0.18625678119349007,0.0,103.0,3mj/subgraph-488-civilization-2.gexf,488.0,460.0,553.0,civilization-2
490,0.18659420289855072,0.0,103.0,3mj/subgraph-489-towerfall-ascension.gexf,489.0,459.0,552.0,towerfall-ascension
491,0.1869328493647913,0.0,103.0,3mj/subgraph-490-desmume.gexf,490.0,458.0,551.0,desmume
492,0.18727272727272729,0.0,103.0,3mj/subgraph-491-tropico-3.gexf,491.0,457.0,550.0,tropico-3
493,0.18579234972677597,0.0,102.0,3mj/subgraph-492-dead-island.gexf,492.0,457.0,549.0,dead-island
494,0.18613138686131386,0.0,102.0,3mj/subgraph-493-yogscast-complete-pack.gexf,493.0,456.0,548.0,yogscast-complete-pack
495,0.18647166361974407,0.0,102.0,3mj/subgraph-494-vector.gexf,494.0,455.0,547.0,vector
496,0.18681318681318682,0.0,102.0,3mj/subgraph-495-turbografx-16.gexf,495.0,454.0,546.0,turbografx-16
497,0.1871559633027523,0.0,102.0,3mj/subgraph-496-abandonware.gexf,496.0,453.0,545.0,abandonware
498,0.1875,0.0,102.0,3mj/subgraph-497-dungeons-of-dredmor.gexf,497.0,452.0,544.0,dungeons-of-dredmor
499,0.1860036832412523,0.0,101.0,3mj/subgraph-498-mcedit.gexf,498.0,452.0,543.0,mcedit
500,0.18450184501845018,0.0,100.0,3mj/subgraph-499-halo-the-master-chief-collection.gexf,499.0,452.0,542.0,halo-the-master-chief-collection
